# scenario	expect	invariants (exact lib/check_log.py metrics)	what it runs (see run.sh `scenario` for the exact invocation)
# Expectations are the OBSERVED behavior documented in README.md. `FLIP=1 ./run.sh`
# inverts them (stale -> fresh, anything else -> stale) to prove every assertion can fail.
pgx_default	fresh	exec=30 stale=0 uncommented=0 named=3 named_exec=30 named_parses=3 named_hits=27 unnamed_exec=0 unnamed_reparsed=0 unnamed_reused=0 simple_exec=0 shared=0 pids=1 apps=1	pgx v5 default QueryExecModeCacheStatement (named stmt per SQL text)
pgx_cache_describe	fresh	exec=30 stale=0 uncommented=0 named=0 named_exec=0 named_parses=0 named_hits=0 unnamed_exec=30 unnamed_reparsed=30 unnamed_reused=0 simple_exec=0 shared=0 pids=1 apps=1	pgx QueryExecModeCacheDescribe (unnamed Parse per call)
pgx_describe_exec	fresh	exec=30 stale=0 uncommented=0 named=0 named_exec=0 named_parses=0 named_hits=0 unnamed_exec=30 unnamed_reparsed=30 unnamed_reused=0 simple_exec=0 shared=0 pids=1 apps=1	pgx QueryExecModeDescribeExec
pgx_exec	fresh	exec=30 stale=0 uncommented=0 named=0 named_exec=0 named_parses=0 named_hits=0 unnamed_exec=30 unnamed_reparsed=30 unnamed_reused=0 simple_exec=0 shared=0 pids=1 apps=1	pgx QueryExecModeExec
pgx_simple	fresh	exec=30 stale=0 uncommented=0 named=0 named_exec=0 named_parses=0 named_hits=0 unnamed_exec=0 unnamed_reparsed=0 unnamed_reused=0 simple_exec=30 shared=0 pids=1 apps=1	pgx QueryExecModeSimpleProtocol (client-side interpolation)
pgx_app_prepared	stale	exec=30 stale=20 uncommented=0 named=1 named_exec=30 named_parses=1 named_hits=29 unnamed_exec=0 unnamed_reparsed=0 unnamed_reused=0 simple_exec=0 shared=0 pids=1 apps=1	CONTROL: app calls conn.Prepare once, executes by name for every context
jdbc_default	fresh	exec=30 stale=0 uncommented=0 named=3 named_exec=18 named_parses=3 named_hits=15 unnamed_exec=12 unnamed_reparsed=12 unnamed_reused=0 simple_exec=0 shared=0 pids=1 apps=1	pgjdbc prepareThreshold=5 (default), new PreparedStatement per call
jdbc_t1	fresh	exec=30 stale=0 uncommented=0 named=3 named_exec=30 named_parses=3 named_hits=27 unnamed_exec=0 unnamed_reparsed=0 unnamed_reused=0 simple_exec=0 shared=0 pids=1 apps=1	pgjdbc prepareThreshold=1
jdbc_t1_reused_ps	stale	exec=30 stale=20 uncommented=0 named=1 named_exec=30 named_parses=1 named_hits=29 unnamed_exec=0 unnamed_reparsed=0 unnamed_reused=0 simple_exec=0 shared=0 pids=1 apps=1	CONTROL: one PreparedStatement object reused for every context
psycopg_default	fresh	exec=30 stale=0 uncommented=0 named=3 named_exec=15 named_parses=3 named_hits=12 unnamed_exec=15 unnamed_reparsed=15 unnamed_reused=0 simple_exec=0 shared=0 pids=1 apps=1	psycopg 3 prepare_threshold=5 (default)
psycopg_t0	fresh	exec=30 stale=0 uncommented=0 named=3 named_exec=30 named_parses=3 named_hits=27 unnamed_exec=0 unnamed_reparsed=0 unnamed_reused=0 simple_exec=0 shared=0 pids=1 apps=1	psycopg 3 prepare_threshold=0 (prepare on first use)
psycopg_none	fresh	exec=30 stale=0 uncommented=0 named=0 named_exec=0 named_parses=0 named_hits=0 unnamed_exec=30 unnamed_reparsed=30 unnamed_reused=0 simple_exec=0 shared=0 pids=1 apps=1	psycopg 3 prepare_threshold=None (never prepare)
rails_query_log_tags	fresh	exec=60 stale=0 uncommented=0 named=0 named_exec=0 named_parses=0 named_hits=0 unnamed_exec=0 unnamed_reparsed=0 unnamed_reused=0 simple_exec=60 shared=0 pids=1 apps=1	ActiveRecord 8.1 query_log_tags exactly as the railtie sets it up (disables prepared statements)
rails_query_log_tags_ar70	fresh	exec=60 stale=0 uncommented=0 named=6 named_exec=60 named_parses=6 named_hits=54 unnamed_exec=0 unnamed_reparsed=0 unnamed_reused=0 simple_exec=0 shared=0 pids=1 apps=1	ActiveRecord 7.0 query_log_tags, native (7.0 railtie keeps prepared statements on)
rails_query_log_tags_prepared_override	fresh	exec=60 stale=0 uncommented=0 named=6 named_exec=60 named_parses=6 named_hits=54 unnamed_exec=0 unnamed_reparsed=0 unnamed_reused=0 simple_exec=0 shared=0 pids=1 apps=1	OVERRIDE EXPERIMENT: AR 8.1 query_log_tags with prepared statements forced on
rails_marginalia_ar70	fresh	exec=60 stale=0 uncommented=0 named=6 named_exec=60 named_parses=6 named_hits=54 unnamed_exec=0 unnamed_reparsed=0 unnamed_reused=0 simple_exec=0 shared=0 pids=1 apps=1	ActiveRecord 7.0 + marginalia 1.11.1, prepared_statements: true
rails_marginalia_ar72	fresh	exec=60 stale=0 uncommented=0 named=6 named_exec=60 named_parses=6 named_hits=54 unnamed_exec=0 unnamed_reparsed=0 unnamed_reused=0 simple_exec=0 shared=0 pids=1 apps=1	ActiveRecord 7.2 + marginalia 1.11.1, prepared_statements: true
rails_marginalia_ar80	uncommented	exec=60 stale=0 uncommented=60 named=2 named_exec=60 named_parses=2 named_hits=58 unnamed_exec=0 unnamed_reparsed=0 unnamed_reused=0 simple_exec=0 shared=0 pids=1 apps=1	ActiveRecord 8.0 + marginalia 1.11.1: hooks no longer reached, no comment at all
rails_marginalia_exec_query	fresh	exec=30 stale=0 uncommented=0 named=3 named_exec=30 named_parses=3 named_hits=27 unnamed_exec=0 unnamed_reparsed=0 unnamed_reused=0 simple_exec=0 shared=0 pids=1 apps=1	ActiveRecord 8.1 + marginalia 1.11.1, connection.exec_query(..., prepare: true)
rails_marginalia	uncommented	exec=60 stale=0 uncommented=60 named=2 named_exec=60 named_parses=2 named_hits=58 unnamed_exec=0 unnamed_reparsed=0 unnamed_reused=0 simple_exec=0 shared=0 pids=1 apps=1	ActiveRecord 8.1 + marginalia 1.11.1: hooks no longer reached, no comment at all
pgbouncer_mps_pgx	fresh	exec=30 stale=0 uncommented=0 named=3 named_exec=30 named_parses=3 named_hits=27 unnamed_exec=0 unnamed_reparsed=0 unnamed_reused=0 simple_exec=0 shared=3 pids=1 apps=2	pgbouncer transaction mode, max_prepared_statements=200, pool 1, 2 pgx clients
pgbouncer_mps_psycopg	fresh	exec=30 stale=0 uncommented=0 named=3 named_exec=30 named_parses=3 named_hits=27 unnamed_exec=0 unnamed_reparsed=0 unnamed_reused=0 simple_exec=0 shared=3 pids=1 apps=2	same, 2 psycopg clients with prepare_threshold=0
pgbouncer_mps_jdbc	fresh	exec=30 stale=0 uncommented=0 named=3 named_exec=30 named_parses=3 named_hits=27 unnamed_exec=0 unnamed_reparsed=0 unnamed_reused=0 simple_exec=0 shared=3 pids=1 apps=2	same, 2 pgjdbc clients with prepareThreshold=1
pgbouncer_nomps_pgx	fresh	exec=30 stale=0 uncommented=0 named=3 named_exec=30 named_parses=3 named_hits=27 unnamed_exec=0 unnamed_reparsed=0 unnamed_reused=0 simple_exec=0 shared=0 pids=1 apps=1	pgbouncer transaction mode, max_prepared_statements=0, pool 1, 1 pgx client
