1	1	rw-simple-c1	ext	pgss	rw	simple	1	ext	-	tagged:5	-	7
2	1	rw-simple-c1	pgss	pgss	rw	simple	1	pgss	-	pgss	-	7
3	1	evict-simple-c5	pgss	pgss	evict	simple	5	pgss	-	pgss	-	1
4	1	evict-simple-c5	ext-max10000	pgss	evict	simple	5	ext	pg_stat_statement_context.max_entries = 10000	evict	-	1
5	1	rw-prepared-c20	ext	pgss	rw	prepared	20	ext	-	tagged:5	-	7
6	1	rw-prepared-c20	pgss	pgss	rw	prepared	20	pgss	-	pgss	-	7
7	1	inlist-simple-c5	inlist-ext	inlist-pgss	inlist	simple	5	ext	-	tagged:1,heuristic	-	1
8	1	inlist-simple-c5	inlist-ext-any	inlist-pgss	inlist	simple	5	ext	pg_stat_statement_context.extractors = 'sqlcommenter(position=any), marginalia(position=any)'	tagged:1,exact	-	1
9	1	inlist-simple-c5	inlist0-ext-any	inlist0-pgss	inlist0	simple	5	ext	pg_stat_statement_context.extractors = 'sqlcommenter(position=any), marginalia(position=any)'	tagged:1,exact	-	1
10	1	inlist-simple-c5	inlist-pgss	inlist-pgss	inlist	simple	5	pgss	-	pgss	-	1
11	1	inlist-simple-c5	inlist0-pgss	inlist0-pgss	inlist0	simple	5	pgss	-	pgss	-	1
12	1	inlist-simple-c5	inlist0-ext	inlist0-pgss	inlist0	simple	5	ext	-	tagged:1,heuristic	-	1
13	1	ro-prepared-c5	ext-regex-normalize	pgss	ro	prepared	5	ext	pg_stat_statement_context.tags = 'action, controller, job, route, driver';pg_stat_statement_context.extractors = 'sqlcommenter, regex(pattern=''db_driver=.(\\w+)'', keys=driver, merge=on)';pg_stat_statement_context.normalize = 'route: ''/\\d+'' => ''/:id'''	regexnorm:1	-	1
14	1	ro-prepared-c5	ext	pgss	ro	prepared	5	ext	-	tagged:1	-	1
15	1	ro-prepared-c5	pgss	pgss	ro	prepared	5	pgss	-	pgss	-	1
16	1	ro-prepared-c5	plain-pgss	plain-pgss	ro-plain	prepared	5	pgss	-	pgss	-	1
17	1	ro-prepared-c5	plain-ext	plain-pgss	ro-plain	prepared	5	ext	-	untagged	-	1
18	1	rw-prepared-c5	pgss	pgss	rw	prepared	5	pgss	-	pgss	-	7
19	1	rw-prepared-c5	ext	pgss	rw	prepared	5	ext	-	tagged:5	-	7
20	1	ro-prepared-c20	pgss	pgss	ro	prepared	20	pgss	-	pgss	-	1
21	1	ro-prepared-c20	ext	pgss	ro	prepared	20	ext	-	tagged:1	-	1
22	1	nested-simple-c5	ext-all-inherit	pgss-all	nested	simple	5	ext	pg_stat_statements.track = all;pg_stat_statement_context.track = all	tagged:1,nested:inherit:16	-	17
23	1	nested-simple-c5	ext-all-scan	pgss-all	nested	simple	5	ext	pg_stat_statements.track = all;pg_stat_statement_context.track = all;pg_stat_statement_context.nested_tags = scan	tagged:1,nested:scan:16	-	17
24	1	nested-simple-c5	pgss	pgss	nested	simple	5	pgss	-	pgss	-	17
25	1	nested-simple-c5	ext	pgss	nested	simple	5	ext	-	tagged:1	-	17
26	1	nested-simple-c5	pgss-all	pgss-all	nested	simple	5	pgss	pg_stat_statements.track = all	pgss	-	17
27	1	ro-prepared-c1	pgss	pgss	ro	prepared	1	pgss	-	pgss	-	1
28	1	ro-prepared-c1	ext	pgss	ro	prepared	1	ext	-	tagged:1	-	1
29	1	ro-simple-c5	ext-1s-buckets	pgss	ro	simple	5	ext	pg_stat_statement_context.bucket_interval = '1s';pg_stat_statement_context.bucket_count = 45	tagged:1,buckets	-	1
30	1	ro-simple-c5	ext-store5k	pgss	ro	simple	5	ext	-	tagged:1,store:5000	store:5000	1
31	1	ro-simple-c5	ext-regex-normalize	pgss	ro	simple	5	ext	pg_stat_statement_context.tags = 'action, controller, job, route, driver';pg_stat_statement_context.extractors = 'sqlcommenter, regex(pattern=''db_driver=.(\\w+)'', keys=driver, merge=on)';pg_stat_statement_context.normalize = 'route: ''/\\d+'' => ''/:id'''	regexnorm:1	-	1
32	1	ro-simple-c5	ext-reader1s	pgss	ro	simple	5	ext	-	tagged:1,reader	reader:1	1
33	1	ro-simple-c5	plain-pgss	plain-pgss	ro-plain	simple	5	pgss	-	pgss	-	1
34	1	ro-simple-c5	plain-ext	plain-pgss	ro-plain	simple	5	ext	-	untagged	-	1
35	1	ro-simple-c5	ext-reader15s	pgss	ro	simple	5	ext	-	tagged:1,reader	reader:15	1
36	1	ro-simple-c5	pgss	pgss	ro	simple	5	pgss	-	pgss	-	1
37	1	ro-simple-c5	ext	pgss	ro	simple	5	ext	-	tagged:1	-	1
38	1	ro-simple-c1	pgss	pgss	ro	simple	1	pgss	-	pgss	-	1
39	1	ro-simple-c1	ext	pgss	ro	simple	1	ext	-	tagged:1	-	1
40	1	rw-simple-c20	pgss	pgss	rw	simple	20	pgss	-	pgss	-	7
41	1	rw-simple-c20	ext	pgss	rw	simple	20	ext	-	tagged:5	-	7
42	1	rw-simple-c5	pgss	pgss	rw	simple	5	pgss	-	pgss	-	7
43	1	rw-simple-c5	ext	pgss	rw	simple	5	ext	-	tagged:5	-	7
44	1	rw-simple-c5	plain-pgss	plain-pgss	rw-plain	simple	5	pgss	-	pgss	-	7
45	1	rw-simple-c5	plain-ext	plain-pgss	rw-plain	simple	5	ext	-	untagged	-	7
46	1	rw-simple-c5	ext-regex-normalize	pgss	rw	simple	5	ext	pg_stat_statement_context.tags = 'action, controller, job, route, driver';pg_stat_statement_context.extractors = 'sqlcommenter, regex(pattern=''db_driver=.(\\w+)'', keys=driver, merge=on)';pg_stat_statement_context.normalize = 'route: ''/\\d+'' => ''/:id'''	regexnorm:5	-	7
47	1	ro-simple-c20	ext	pgss	ro	simple	20	ext	-	tagged:1	-	1
48	1	ro-simple-c20	pgss	pgss	ro	simple	20	pgss	-	pgss	-	1
49	1	rw-prepared-c1	ext	pgss	rw	prepared	1	ext	-	tagged:5	-	7
50	1	rw-prepared-c1	pgss	pgss	rw	prepared	1	pgss	-	pgss	-	7
51	2	rw-simple-c20	ext	pgss	rw	simple	20	ext	-	tagged:5	-	7
52	2	rw-simple-c20	pgss	pgss	rw	simple	20	pgss	-	pgss	-	7
53	2	evict-simple-c5	pgss	pgss	evict	simple	5	pgss	-	pgss	-	1
54	2	evict-simple-c5	ext-max10000	pgss	evict	simple	5	ext	pg_stat_statement_context.max_entries = 10000	evict	-	1
55	2	rw-prepared-c1	ext	pgss	rw	prepared	1	ext	-	tagged:5	-	7
56	2	rw-prepared-c1	pgss	pgss	rw	prepared	1	pgss	-	pgss	-	7
57	2	rw-prepared-c20	ext	pgss	rw	prepared	20	ext	-	tagged:5	-	7
58	2	rw-prepared-c20	pgss	pgss	rw	prepared	20	pgss	-	pgss	-	7
59	2	rw-simple-c1	ext	pgss	rw	simple	1	ext	-	tagged:5	-	7
60	2	rw-simple-c1	pgss	pgss	rw	simple	1	pgss	-	pgss	-	7
61	2	ro-prepared-c5	plain-pgss	plain-pgss	ro-plain	prepared	5	pgss	-	pgss	-	1
62	2	ro-prepared-c5	pgss	pgss	ro	prepared	5	pgss	-	pgss	-	1
63	2	ro-prepared-c5	ext	pgss	ro	prepared	5	ext	-	tagged:1	-	1
64	2	ro-prepared-c5	ext-regex-normalize	pgss	ro	prepared	5	ext	pg_stat_statement_context.tags = 'action, controller, job, route, driver';pg_stat_statement_context.extractors = 'sqlcommenter, regex(pattern=''db_driver=.(\\w+)'', keys=driver, merge=on)';pg_stat_statement_context.normalize = 'route: ''/\\d+'' => ''/:id'''	regexnorm:1	-	1
65	2	ro-prepared-c5	plain-ext	plain-pgss	ro-plain	prepared	5	ext	-	untagged	-	1
66	2	ro-simple-c20	ext	pgss	ro	simple	20	ext	-	tagged:1	-	1
67	2	ro-simple-c20	pgss	pgss	ro	simple	20	pgss	-	pgss	-	1
68	2	inlist-simple-c5	inlist-pgss	inlist-pgss	inlist	simple	5	pgss	-	pgss	-	1
69	2	inlist-simple-c5	inlist0-ext-any	inlist0-pgss	inlist0	simple	5	ext	pg_stat_statement_context.extractors = 'sqlcommenter(position=any), marginalia(position=any)'	tagged:1,exact	-	1
70	2	inlist-simple-c5	inlist-ext	inlist-pgss	inlist	simple	5	ext	-	tagged:1,heuristic	-	1
71	2	inlist-simple-c5	inlist0-ext	inlist0-pgss	inlist0	simple	5	ext	-	tagged:1,heuristic	-	1
72	2	inlist-simple-c5	inlist-ext-any	inlist-pgss	inlist	simple	5	ext	pg_stat_statement_context.extractors = 'sqlcommenter(position=any), marginalia(position=any)'	tagged:1,exact	-	1
73	2	inlist-simple-c5	inlist0-pgss	inlist0-pgss	inlist0	simple	5	pgss	-	pgss	-	1
74	2	rw-simple-c5	ext	pgss	rw	simple	5	ext	-	tagged:5	-	7
75	2	rw-simple-c5	pgss	pgss	rw	simple	5	pgss	-	pgss	-	7
76	2	rw-simple-c5	plain-ext	plain-pgss	rw-plain	simple	5	ext	-	untagged	-	7
77	2	rw-simple-c5	plain-pgss	plain-pgss	rw-plain	simple	5	pgss	-	pgss	-	7
78	2	rw-simple-c5	ext-regex-normalize	pgss	rw	simple	5	ext	pg_stat_statement_context.tags = 'action, controller, job, route, driver';pg_stat_statement_context.extractors = 'sqlcommenter, regex(pattern=''db_driver=.(\\w+)'', keys=driver, merge=on)';pg_stat_statement_context.normalize = 'route: ''/\\d+'' => ''/:id'''	regexnorm:5	-	7
79	2	ro-simple-c1	pgss	pgss	ro	simple	1	pgss	-	pgss	-	1
80	2	ro-simple-c1	ext	pgss	ro	simple	1	ext	-	tagged:1	-	1
81	2	rw-prepared-c5	ext	pgss	rw	prepared	5	ext	-	tagged:5	-	7
82	2	rw-prepared-c5	pgss	pgss	rw	prepared	5	pgss	-	pgss	-	7
83	2	ro-simple-c5	pgss	pgss	ro	simple	5	pgss	-	pgss	-	1
84	2	ro-simple-c5	ext-regex-normalize	pgss	ro	simple	5	ext	pg_stat_statement_context.tags = 'action, controller, job, route, driver';pg_stat_statement_context.extractors = 'sqlcommenter, regex(pattern=''db_driver=.(\\w+)'', keys=driver, merge=on)';pg_stat_statement_context.normalize = 'route: ''/\\d+'' => ''/:id'''	regexnorm:1	-	1
85	2	ro-simple-c5	ext-reader1s	pgss	ro	simple	5	ext	-	tagged:1,reader	reader:1	1
86	2	ro-simple-c5	plain-ext	plain-pgss	ro-plain	simple	5	ext	-	untagged	-	1
87	2	ro-simple-c5	ext-reader15s	pgss	ro	simple	5	ext	-	tagged:1,reader	reader:15	1
88	2	ro-simple-c5	ext	pgss	ro	simple	5	ext	-	tagged:1	-	1
89	2	ro-simple-c5	plain-pgss	plain-pgss	ro-plain	simple	5	pgss	-	pgss	-	1
90	2	ro-simple-c5	ext-store5k	pgss	ro	simple	5	ext	-	tagged:1,store:5000	store:5000	1
91	2	ro-simple-c5	ext-1s-buckets	pgss	ro	simple	5	ext	pg_stat_statement_context.bucket_interval = '1s';pg_stat_statement_context.bucket_count = 45	tagged:1,buckets	-	1
92	2	nested-simple-c5	ext-all-inherit	pgss-all	nested	simple	5	ext	pg_stat_statements.track = all;pg_stat_statement_context.track = all	tagged:1,nested:inherit:16	-	17
93	2	nested-simple-c5	ext-all-scan	pgss-all	nested	simple	5	ext	pg_stat_statements.track = all;pg_stat_statement_context.track = all;pg_stat_statement_context.nested_tags = scan	tagged:1,nested:scan:16	-	17
94	2	nested-simple-c5	pgss-all	pgss-all	nested	simple	5	pgss	pg_stat_statements.track = all	pgss	-	17
95	2	nested-simple-c5	ext	pgss	nested	simple	5	ext	-	tagged:1	-	17
96	2	nested-simple-c5	pgss	pgss	nested	simple	5	pgss	-	pgss	-	17
97	2	ro-prepared-c1	pgss	pgss	ro	prepared	1	pgss	-	pgss	-	1
98	2	ro-prepared-c1	ext	pgss	ro	prepared	1	ext	-	tagged:1	-	1
99	2	ro-prepared-c20	ext	pgss	ro	prepared	20	ext	-	tagged:1	-	1
100	2	ro-prepared-c20	pgss	pgss	ro	prepared	20	pgss	-	pgss	-	1
101	3	nested-simple-c5	pgss-all	pgss-all	nested	simple	5	pgss	pg_stat_statements.track = all	pgss	-	17
102	3	nested-simple-c5	ext-all-inherit	pgss-all	nested	simple	5	ext	pg_stat_statements.track = all;pg_stat_statement_context.track = all	tagged:1,nested:inherit:16	-	17
103	3	nested-simple-c5	ext-all-scan	pgss-all	nested	simple	5	ext	pg_stat_statements.track = all;pg_stat_statement_context.track = all;pg_stat_statement_context.nested_tags = scan	tagged:1,nested:scan:16	-	17
104	3	nested-simple-c5	ext	pgss	nested	simple	5	ext	-	tagged:1	-	17
105	3	nested-simple-c5	pgss	pgss	nested	simple	5	pgss	-	pgss	-	17
106	3	ro-prepared-c5	plain-ext	plain-pgss	ro-plain	prepared	5	ext	-	untagged	-	1
107	3	ro-prepared-c5	ext-regex-normalize	pgss	ro	prepared	5	ext	pg_stat_statement_context.tags = 'action, controller, job, route, driver';pg_stat_statement_context.extractors = 'sqlcommenter, regex(pattern=''db_driver=.(\\w+)'', keys=driver, merge=on)';pg_stat_statement_context.normalize = 'route: ''/\\d+'' => ''/:id'''	regexnorm:1	-	1
108	3	ro-prepared-c5	plain-pgss	plain-pgss	ro-plain	prepared	5	pgss	-	pgss	-	1
109	3	ro-prepared-c5	pgss	pgss	ro	prepared	5	pgss	-	pgss	-	1
110	3	ro-prepared-c5	ext	pgss	ro	prepared	5	ext	-	tagged:1	-	1
111	3	rw-simple-c20	pgss	pgss	rw	simple	20	pgss	-	pgss	-	7
112	3	rw-simple-c20	ext	pgss	rw	simple	20	ext	-	tagged:5	-	7
113	3	rw-simple-c1	ext	pgss	rw	simple	1	ext	-	tagged:5	-	7
114	3	rw-simple-c1	pgss	pgss	rw	simple	1	pgss	-	pgss	-	7
115	3	ro-prepared-c1	ext	pgss	ro	prepared	1	ext	-	tagged:1	-	1
116	3	ro-prepared-c1	pgss	pgss	ro	prepared	1	pgss	-	pgss	-	1
117	3	evict-simple-c5	ext-max10000	pgss	evict	simple	5	ext	pg_stat_statement_context.max_entries = 10000	evict	-	1
118	3	evict-simple-c5	pgss	pgss	evict	simple	5	pgss	-	pgss	-	1
119	3	rw-prepared-c1	ext	pgss	rw	prepared	1	ext	-	tagged:5	-	7
120	3	rw-prepared-c1	pgss	pgss	rw	prepared	1	pgss	-	pgss	-	7
121	3	ro-simple-c5	plain-pgss	plain-pgss	ro-plain	simple	5	pgss	-	pgss	-	1
122	3	ro-simple-c5	plain-ext	plain-pgss	ro-plain	simple	5	ext	-	untagged	-	1
123	3	ro-simple-c5	ext-reader1s	pgss	ro	simple	5	ext	-	tagged:1,reader	reader:1	1
124	3	ro-simple-c5	ext-store5k	pgss	ro	simple	5	ext	-	tagged:1,store:5000	store:5000	1
125	3	ro-simple-c5	ext-regex-normalize	pgss	ro	simple	5	ext	pg_stat_statement_context.tags = 'action, controller, job, route, driver';pg_stat_statement_context.extractors = 'sqlcommenter, regex(pattern=''db_driver=.(\\w+)'', keys=driver, merge=on)';pg_stat_statement_context.normalize = 'route: ''/\\d+'' => ''/:id'''	regexnorm:1	-	1
126	3	ro-simple-c5	pgss	pgss	ro	simple	5	pgss	-	pgss	-	1
127	3	ro-simple-c5	ext	pgss	ro	simple	5	ext	-	tagged:1	-	1
128	3	ro-simple-c5	ext-1s-buckets	pgss	ro	simple	5	ext	pg_stat_statement_context.bucket_interval = '1s';pg_stat_statement_context.bucket_count = 45	tagged:1,buckets	-	1
129	3	ro-simple-c5	ext-reader15s	pgss	ro	simple	5	ext	-	tagged:1,reader	reader:15	1
130	3	ro-simple-c20	ext	pgss	ro	simple	20	ext	-	tagged:1	-	1
131	3	ro-simple-c20	pgss	pgss	ro	simple	20	pgss	-	pgss	-	1
132	3	ro-prepared-c20	ext	pgss	ro	prepared	20	ext	-	tagged:1	-	1
133	3	ro-prepared-c20	pgss	pgss	ro	prepared	20	pgss	-	pgss	-	1
134	3	rw-prepared-c5	ext	pgss	rw	prepared	5	ext	-	tagged:5	-	7
135	3	rw-prepared-c5	pgss	pgss	rw	prepared	5	pgss	-	pgss	-	7
136	3	rw-simple-c5	plain-pgss	plain-pgss	rw-plain	simple	5	pgss	-	pgss	-	7
137	3	rw-simple-c5	ext	pgss	rw	simple	5	ext	-	tagged:5	-	7
138	3	rw-simple-c5	ext-regex-normalize	pgss	rw	simple	5	ext	pg_stat_statement_context.tags = 'action, controller, job, route, driver';pg_stat_statement_context.extractors = 'sqlcommenter, regex(pattern=''db_driver=.(\\w+)'', keys=driver, merge=on)';pg_stat_statement_context.normalize = 'route: ''/\\d+'' => ''/:id'''	regexnorm:5	-	7
139	3	rw-simple-c5	plain-ext	plain-pgss	rw-plain	simple	5	ext	-	untagged	-	7
140	3	rw-simple-c5	pgss	pgss	rw	simple	5	pgss	-	pgss	-	7
141	3	inlist-simple-c5	inlist-pgss	inlist-pgss	inlist	simple	5	pgss	-	pgss	-	1
142	3	inlist-simple-c5	inlist-ext-any	inlist-pgss	inlist	simple	5	ext	pg_stat_statement_context.extractors = 'sqlcommenter(position=any), marginalia(position=any)'	tagged:1,exact	-	1
143	3	inlist-simple-c5	inlist0-ext	inlist0-pgss	inlist0	simple	5	ext	-	tagged:1,heuristic	-	1
144	3	inlist-simple-c5	inlist-ext	inlist-pgss	inlist	simple	5	ext	-	tagged:1,heuristic	-	1
145	3	inlist-simple-c5	inlist0-pgss	inlist0-pgss	inlist0	simple	5	pgss	-	pgss	-	1
146	3	inlist-simple-c5	inlist0-ext-any	inlist0-pgss	inlist0	simple	5	ext	pg_stat_statement_context.extractors = 'sqlcommenter(position=any), marginalia(position=any)'	tagged:1,exact	-	1
147	3	ro-simple-c1	pgss	pgss	ro	simple	1	pgss	-	pgss	-	1
148	3	ro-simple-c1	ext	pgss	ro	simple	1	ext	-	tagged:1	-	1
149	3	rw-prepared-c20	pgss	pgss	rw	prepared	20	pgss	-	pgss	-	7
150	3	rw-prepared-c20	ext	pgss	rw	prepared	20	ext	-	tagged:5	-	7
151	4	evict-simple-c5	pgss	pgss	evict	simple	5	pgss	-	pgss	-	1
152	4	evict-simple-c5	ext-max10000	pgss	evict	simple	5	ext	pg_stat_statement_context.max_entries = 10000	evict	-	1
153	4	ro-simple-c5	plain-pgss	plain-pgss	ro-plain	simple	5	pgss	-	pgss	-	1
154	4	ro-simple-c5	ext	pgss	ro	simple	5	ext	-	tagged:1	-	1
155	4	ro-simple-c5	ext-regex-normalize	pgss	ro	simple	5	ext	pg_stat_statement_context.tags = 'action, controller, job, route, driver';pg_stat_statement_context.extractors = 'sqlcommenter, regex(pattern=''db_driver=.(\\w+)'', keys=driver, merge=on)';pg_stat_statement_context.normalize = 'route: ''/\\d+'' => ''/:id'''	regexnorm:1	-	1
156	4	ro-simple-c5	plain-ext	plain-pgss	ro-plain	simple	5	ext	-	untagged	-	1
157	4	ro-simple-c5	ext-reader15s	pgss	ro	simple	5	ext	-	tagged:1,reader	reader:15	1
158	4	ro-simple-c5	ext-reader1s	pgss	ro	simple	5	ext	-	tagged:1,reader	reader:1	1
159	4	ro-simple-c5	ext-1s-buckets	pgss	ro	simple	5	ext	pg_stat_statement_context.bucket_interval = '1s';pg_stat_statement_context.bucket_count = 45	tagged:1,buckets	-	1
160	4	ro-simple-c5	pgss	pgss	ro	simple	5	pgss	-	pgss	-	1
161	4	ro-simple-c5	ext-store5k	pgss	ro	simple	5	ext	-	tagged:1,store:5000	store:5000	1
162	4	rw-prepared-c1	pgss	pgss	rw	prepared	1	pgss	-	pgss	-	7
163	4	rw-prepared-c1	ext	pgss	rw	prepared	1	ext	-	tagged:5	-	7
164	4	rw-simple-c5	ext	pgss	rw	simple	5	ext	-	tagged:5	-	7
165	4	rw-simple-c5	plain-ext	plain-pgss	rw-plain	simple	5	ext	-	untagged	-	7
166	4	rw-simple-c5	plain-pgss	plain-pgss	rw-plain	simple	5	pgss	-	pgss	-	7
167	4	rw-simple-c5	ext-regex-normalize	pgss	rw	simple	5	ext	pg_stat_statement_context.tags = 'action, controller, job, route, driver';pg_stat_statement_context.extractors = 'sqlcommenter, regex(pattern=''db_driver=.(\\w+)'', keys=driver, merge=on)';pg_stat_statement_context.normalize = 'route: ''/\\d+'' => ''/:id'''	regexnorm:5	-	7
168	4	rw-simple-c5	pgss	pgss	rw	simple	5	pgss	-	pgss	-	7
169	4	ro-prepared-c20	pgss	pgss	ro	prepared	20	pgss	-	pgss	-	1
170	4	ro-prepared-c20	ext	pgss	ro	prepared	20	ext	-	tagged:1	-	1
171	4	nested-simple-c5	ext	pgss	nested	simple	5	ext	-	tagged:1	-	17
172	4	nested-simple-c5	ext-all-inherit	pgss-all	nested	simple	5	ext	pg_stat_statements.track = all;pg_stat_statement_context.track = all	tagged:1,nested:inherit:16	-	17
173	4	nested-simple-c5	pgss	pgss	nested	simple	5	pgss	-	pgss	-	17
174	4	nested-simple-c5	pgss-all	pgss-all	nested	simple	5	pgss	pg_stat_statements.track = all	pgss	-	17
175	4	nested-simple-c5	ext-all-scan	pgss-all	nested	simple	5	ext	pg_stat_statements.track = all;pg_stat_statement_context.track = all;pg_stat_statement_context.nested_tags = scan	tagged:1,nested:scan:16	-	17
176	4	ro-simple-c20	ext	pgss	ro	simple	20	ext	-	tagged:1	-	1
177	4	ro-simple-c20	pgss	pgss	ro	simple	20	pgss	-	pgss	-	1
178	4	rw-prepared-c5	ext	pgss	rw	prepared	5	ext	-	tagged:5	-	7
179	4	rw-prepared-c5	pgss	pgss	rw	prepared	5	pgss	-	pgss	-	7
180	4	rw-simple-c1	pgss	pgss	rw	simple	1	pgss	-	pgss	-	7
181	4	rw-simple-c1	ext	pgss	rw	simple	1	ext	-	tagged:5	-	7
182	4	ro-simple-c1	pgss	pgss	ro	simple	1	pgss	-	pgss	-	1
183	4	ro-simple-c1	ext	pgss	ro	simple	1	ext	-	tagged:1	-	1
184	4	inlist-simple-c5	inlist-ext-any	inlist-pgss	inlist	simple	5	ext	pg_stat_statement_context.extractors = 'sqlcommenter(position=any), marginalia(position=any)'	tagged:1,exact	-	1
185	4	inlist-simple-c5	inlist-pgss	inlist-pgss	inlist	simple	5	pgss	-	pgss	-	1
186	4	inlist-simple-c5	inlist0-pgss	inlist0-pgss	inlist0	simple	5	pgss	-	pgss	-	1
187	4	inlist-simple-c5	inlist-ext	inlist-pgss	inlist	simple	5	ext	-	tagged:1,heuristic	-	1
188	4	inlist-simple-c5	inlist0-ext-any	inlist0-pgss	inlist0	simple	5	ext	pg_stat_statement_context.extractors = 'sqlcommenter(position=any), marginalia(position=any)'	tagged:1,exact	-	1
189	4	inlist-simple-c5	inlist0-ext	inlist0-pgss	inlist0	simple	5	ext	-	tagged:1,heuristic	-	1
190	4	rw-simple-c20	ext	pgss	rw	simple	20	ext	-	tagged:5	-	7
191	4	rw-simple-c20	pgss	pgss	rw	simple	20	pgss	-	pgss	-	7
192	4	ro-prepared-c1	pgss	pgss	ro	prepared	1	pgss	-	pgss	-	1
193	4	ro-prepared-c1	ext	pgss	ro	prepared	1	ext	-	tagged:1	-	1
194	4	ro-prepared-c5	ext	pgss	ro	prepared	5	ext	-	tagged:1	-	1
195	4	ro-prepared-c5	pgss	pgss	ro	prepared	5	pgss	-	pgss	-	1
196	4	ro-prepared-c5	ext-regex-normalize	pgss	ro	prepared	5	ext	pg_stat_statement_context.tags = 'action, controller, job, route, driver';pg_stat_statement_context.extractors = 'sqlcommenter, regex(pattern=''db_driver=.(\\w+)'', keys=driver, merge=on)';pg_stat_statement_context.normalize = 'route: ''/\\d+'' => ''/:id'''	regexnorm:1	-	1
197	4	ro-prepared-c5	plain-ext	plain-pgss	ro-plain	prepared	5	ext	-	untagged	-	1
198	4	ro-prepared-c5	plain-pgss	plain-pgss	ro-plain	prepared	5	pgss	-	pgss	-	1
199	4	rw-prepared-c20	ext	pgss	rw	prepared	20	ext	-	tagged:5	-	7
200	4	rw-prepared-c20	pgss	pgss	rw	prepared	20	pgss	-	pgss	-	7
201	5	ro-simple-c20	pgss	pgss	ro	simple	20	pgss	-	pgss	-	1
202	5	ro-simple-c20	ext	pgss	ro	simple	20	ext	-	tagged:1	-	1
203	5	evict-simple-c5	ext-max10000	pgss	evict	simple	5	ext	pg_stat_statement_context.max_entries = 10000	evict	-	1
204	5	evict-simple-c5	pgss	pgss	evict	simple	5	pgss	-	pgss	-	1
205	5	ro-prepared-c5	ext-regex-normalize	pgss	ro	prepared	5	ext	pg_stat_statement_context.tags = 'action, controller, job, route, driver';pg_stat_statement_context.extractors = 'sqlcommenter, regex(pattern=''db_driver=.(\\w+)'', keys=driver, merge=on)';pg_stat_statement_context.normalize = 'route: ''/\\d+'' => ''/:id'''	regexnorm:1	-	1
206	5	ro-prepared-c5	pgss	pgss	ro	prepared	5	pgss	-	pgss	-	1
207	5	ro-prepared-c5	plain-ext	plain-pgss	ro-plain	prepared	5	ext	-	untagged	-	1
208	5	ro-prepared-c5	plain-pgss	plain-pgss	ro-plain	prepared	5	pgss	-	pgss	-	1
209	5	ro-prepared-c5	ext	pgss	ro	prepared	5	ext	-	tagged:1	-	1
210	5	rw-prepared-c20	ext	pgss	rw	prepared	20	ext	-	tagged:5	-	7
211	5	rw-prepared-c20	pgss	pgss	rw	prepared	20	pgss	-	pgss	-	7
212	5	rw-simple-c1	ext	pgss	rw	simple	1	ext	-	tagged:5	-	7
213	5	rw-simple-c1	pgss	pgss	rw	simple	1	pgss	-	pgss	-	7
214	5	nested-simple-c5	pgss	pgss	nested	simple	5	pgss	-	pgss	-	17
215	5	nested-simple-c5	ext-all-scan	pgss-all	nested	simple	5	ext	pg_stat_statements.track = all;pg_stat_statement_context.track = all;pg_stat_statement_context.nested_tags = scan	tagged:1,nested:scan:16	-	17
216	5	nested-simple-c5	ext	pgss	nested	simple	5	ext	-	tagged:1	-	17
217	5	nested-simple-c5	pgss-all	pgss-all	nested	simple	5	pgss	pg_stat_statements.track = all	pgss	-	17
218	5	nested-simple-c5	ext-all-inherit	pgss-all	nested	simple	5	ext	pg_stat_statements.track = all;pg_stat_statement_context.track = all	tagged:1,nested:inherit:16	-	17
219	5	ro-prepared-c20	pgss	pgss	ro	prepared	20	pgss	-	pgss	-	1
220	5	ro-prepared-c20	ext	pgss	ro	prepared	20	ext	-	tagged:1	-	1
221	5	rw-prepared-c5	ext	pgss	rw	prepared	5	ext	-	tagged:5	-	7
222	5	rw-prepared-c5	pgss	pgss	rw	prepared	5	pgss	-	pgss	-	7
223	5	ro-prepared-c1	ext	pgss	ro	prepared	1	ext	-	tagged:1	-	1
224	5	ro-prepared-c1	pgss	pgss	ro	prepared	1	pgss	-	pgss	-	1
225	5	rw-prepared-c1	ext	pgss	rw	prepared	1	ext	-	tagged:5	-	7
226	5	rw-prepared-c1	pgss	pgss	rw	prepared	1	pgss	-	pgss	-	7
227	5	rw-simple-c20	ext	pgss	rw	simple	20	ext	-	tagged:5	-	7
228	5	rw-simple-c20	pgss	pgss	rw	simple	20	pgss	-	pgss	-	7
229	5	inlist-simple-c5	inlist0-pgss	inlist0-pgss	inlist0	simple	5	pgss	-	pgss	-	1
230	5	inlist-simple-c5	inlist-ext	inlist-pgss	inlist	simple	5	ext	-	tagged:1,heuristic	-	1
231	5	inlist-simple-c5	inlist-pgss	inlist-pgss	inlist	simple	5	pgss	-	pgss	-	1
232	5	inlist-simple-c5	inlist-ext-any	inlist-pgss	inlist	simple	5	ext	pg_stat_statement_context.extractors = 'sqlcommenter(position=any), marginalia(position=any)'	tagged:1,exact	-	1
233	5	inlist-simple-c5	inlist0-ext-any	inlist0-pgss	inlist0	simple	5	ext	pg_stat_statement_context.extractors = 'sqlcommenter(position=any), marginalia(position=any)'	tagged:1,exact	-	1
234	5	inlist-simple-c5	inlist0-ext	inlist0-pgss	inlist0	simple	5	ext	-	tagged:1,heuristic	-	1
235	5	ro-simple-c1	ext	pgss	ro	simple	1	ext	-	tagged:1	-	1
236	5	ro-simple-c1	pgss	pgss	ro	simple	1	pgss	-	pgss	-	1
237	5	ro-simple-c5	ext-regex-normalize	pgss	ro	simple	5	ext	pg_stat_statement_context.tags = 'action, controller, job, route, driver';pg_stat_statement_context.extractors = 'sqlcommenter, regex(pattern=''db_driver=.(\\w+)'', keys=driver, merge=on)';pg_stat_statement_context.normalize = 'route: ''/\\d+'' => ''/:id'''	regexnorm:1	-	1
238	5	ro-simple-c5	ext-1s-buckets	pgss	ro	simple	5	ext	pg_stat_statement_context.bucket_interval = '1s';pg_stat_statement_context.bucket_count = 45	tagged:1,buckets	-	1
239	5	ro-simple-c5	plain-pgss	plain-pgss	ro-plain	simple	5	pgss	-	pgss	-	1
240	5	ro-simple-c5	ext-reader1s	pgss	ro	simple	5	ext	-	tagged:1,reader	reader:1	1
241	5	ro-simple-c5	ext	pgss	ro	simple	5	ext	-	tagged:1	-	1
242	5	ro-simple-c5	pgss	pgss	ro	simple	5	pgss	-	pgss	-	1
243	5	ro-simple-c5	ext-reader15s	pgss	ro	simple	5	ext	-	tagged:1,reader	reader:15	1
244	5	ro-simple-c5	plain-ext	plain-pgss	ro-plain	simple	5	ext	-	untagged	-	1
245	5	ro-simple-c5	ext-store5k	pgss	ro	simple	5	ext	-	tagged:1,store:5000	store:5000	1
246	5	rw-simple-c5	ext-regex-normalize	pgss	rw	simple	5	ext	pg_stat_statement_context.tags = 'action, controller, job, route, driver';pg_stat_statement_context.extractors = 'sqlcommenter, regex(pattern=''db_driver=.(\\w+)'', keys=driver, merge=on)';pg_stat_statement_context.normalize = 'route: ''/\\d+'' => ''/:id'''	regexnorm:5	-	7
247	5	rw-simple-c5	plain-ext	plain-pgss	rw-plain	simple	5	ext	-	untagged	-	7
248	5	rw-simple-c5	ext	pgss	rw	simple	5	ext	-	tagged:5	-	7
249	5	rw-simple-c5	plain-pgss	plain-pgss	rw-plain	simple	5	pgss	-	pgss	-	7
250	5	rw-simple-c5	pgss	pgss	rw	simple	5	pgss	-	pgss	-	7
251	6	nested-simple-c5	ext-all-scan	pgss-all	nested	simple	5	ext	pg_stat_statements.track = all;pg_stat_statement_context.track = all;pg_stat_statement_context.nested_tags = scan	tagged:1,nested:scan:16	-	17
252	6	nested-simple-c5	ext-all-inherit	pgss-all	nested	simple	5	ext	pg_stat_statements.track = all;pg_stat_statement_context.track = all	tagged:1,nested:inherit:16	-	17
253	6	nested-simple-c5	ext	pgss	nested	simple	5	ext	-	tagged:1	-	17
254	6	nested-simple-c5	pgss-all	pgss-all	nested	simple	5	pgss	pg_stat_statements.track = all	pgss	-	17
255	6	nested-simple-c5	pgss	pgss	nested	simple	5	pgss	-	pgss	-	17
256	6	ro-prepared-c5	plain-ext	plain-pgss	ro-plain	prepared	5	ext	-	untagged	-	1
257	6	ro-prepared-c5	ext-regex-normalize	pgss	ro	prepared	5	ext	pg_stat_statement_context.tags = 'action, controller, job, route, driver';pg_stat_statement_context.extractors = 'sqlcommenter, regex(pattern=''db_driver=.(\\w+)'', keys=driver, merge=on)';pg_stat_statement_context.normalize = 'route: ''/\\d+'' => ''/:id'''	regexnorm:1	-	1
258	6	ro-prepared-c5	pgss	pgss	ro	prepared	5	pgss	-	pgss	-	1
259	6	ro-prepared-c5	plain-pgss	plain-pgss	ro-plain	prepared	5	pgss	-	pgss	-	1
260	6	ro-prepared-c5	ext	pgss	ro	prepared	5	ext	-	tagged:1	-	1
261	6	rw-prepared-c20	pgss	pgss	rw	prepared	20	pgss	-	pgss	-	7
262	6	rw-prepared-c20	ext	pgss	rw	prepared	20	ext	-	tagged:5	-	7
263	6	rw-simple-c5	pgss	pgss	rw	simple	5	pgss	-	pgss	-	7
264	6	rw-simple-c5	ext	pgss	rw	simple	5	ext	-	tagged:5	-	7
265	6	rw-simple-c5	plain-ext	plain-pgss	rw-plain	simple	5	ext	-	untagged	-	7
266	6	rw-simple-c5	ext-regex-normalize	pgss	rw	simple	5	ext	pg_stat_statement_context.tags = 'action, controller, job, route, driver';pg_stat_statement_context.extractors = 'sqlcommenter, regex(pattern=''db_driver=.(\\w+)'', keys=driver, merge=on)';pg_stat_statement_context.normalize = 'route: ''/\\d+'' => ''/:id'''	regexnorm:5	-	7
267	6	rw-simple-c5	plain-pgss	plain-pgss	rw-plain	simple	5	pgss	-	pgss	-	7
268	6	rw-simple-c20	pgss	pgss	rw	simple	20	pgss	-	pgss	-	7
269	6	rw-simple-c20	ext	pgss	rw	simple	20	ext	-	tagged:5	-	7
270	6	inlist-simple-c5	inlist0-ext-any	inlist0-pgss	inlist0	simple	5	ext	pg_stat_statement_context.extractors = 'sqlcommenter(position=any), marginalia(position=any)'	tagged:1,exact	-	1
271	6	inlist-simple-c5	inlist-ext-any	inlist-pgss	inlist	simple	5	ext	pg_stat_statement_context.extractors = 'sqlcommenter(position=any), marginalia(position=any)'	tagged:1,exact	-	1
272	6	inlist-simple-c5	inlist-ext	inlist-pgss	inlist	simple	5	ext	-	tagged:1,heuristic	-	1
273	6	inlist-simple-c5	inlist0-ext	inlist0-pgss	inlist0	simple	5	ext	-	tagged:1,heuristic	-	1
274	6	inlist-simple-c5	inlist0-pgss	inlist0-pgss	inlist0	simple	5	pgss	-	pgss	-	1
275	6	inlist-simple-c5	inlist-pgss	inlist-pgss	inlist	simple	5	pgss	-	pgss	-	1
276	6	ro-simple-c20	pgss	pgss	ro	simple	20	pgss	-	pgss	-	1
277	6	ro-simple-c20	ext	pgss	ro	simple	20	ext	-	tagged:1	-	1
278	6	ro-simple-c5	ext-store5k	pgss	ro	simple	5	ext	-	tagged:1,store:5000	store:5000	1
279	6	ro-simple-c5	ext-1s-buckets	pgss	ro	simple	5	ext	pg_stat_statement_context.bucket_interval = '1s';pg_stat_statement_context.bucket_count = 45	tagged:1,buckets	-	1
280	6	ro-simple-c5	plain-ext	plain-pgss	ro-plain	simple	5	ext	-	untagged	-	1
281	6	ro-simple-c5	ext-regex-normalize	pgss	ro	simple	5	ext	pg_stat_statement_context.tags = 'action, controller, job, route, driver';pg_stat_statement_context.extractors = 'sqlcommenter, regex(pattern=''db_driver=.(\\w+)'', keys=driver, merge=on)';pg_stat_statement_context.normalize = 'route: ''/\\d+'' => ''/:id'''	regexnorm:1	-	1
282	6	ro-simple-c5	ext-reader15s	pgss	ro	simple	5	ext	-	tagged:1,reader	reader:15	1
283	6	ro-simple-c5	plain-pgss	plain-pgss	ro-plain	simple	5	pgss	-	pgss	-	1
284	6	ro-simple-c5	ext-reader1s	pgss	ro	simple	5	ext	-	tagged:1,reader	reader:1	1
285	6	ro-simple-c5	pgss	pgss	ro	simple	5	pgss	-	pgss	-	1
286	6	ro-simple-c5	ext	pgss	ro	simple	5	ext	-	tagged:1	-	1
287	6	rw-simple-c1	pgss	pgss	rw	simple	1	pgss	-	pgss	-	7
288	6	rw-simple-c1	ext	pgss	rw	simple	1	ext	-	tagged:5	-	7
289	6	rw-prepared-c5	ext	pgss	rw	prepared	5	ext	-	tagged:5	-	7
290	6	rw-prepared-c5	pgss	pgss	rw	prepared	5	pgss	-	pgss	-	7
291	6	ro-prepared-c20	pgss	pgss	ro	prepared	20	pgss	-	pgss	-	1
292	6	ro-prepared-c20	ext	pgss	ro	prepared	20	ext	-	tagged:1	-	1
293	6	ro-prepared-c1	pgss	pgss	ro	prepared	1	pgss	-	pgss	-	1
294	6	ro-prepared-c1	ext	pgss	ro	prepared	1	ext	-	tagged:1	-	1
295	6	evict-simple-c5	pgss	pgss	evict	simple	5	pgss	-	pgss	-	1
296	6	evict-simple-c5	ext-max10000	pgss	evict	simple	5	ext	pg_stat_statement_context.max_entries = 10000	evict	-	1
297	6	rw-prepared-c1	pgss	pgss	rw	prepared	1	pgss	-	pgss	-	7
298	6	rw-prepared-c1	ext	pgss	rw	prepared	1	ext	-	tagged:5	-	7
299	6	ro-simple-c1	pgss	pgss	ro	simple	1	pgss	-	pgss	-	1
300	6	ro-simple-c1	ext	pgss	ro	simple	1	ext	-	tagged:1	-	1
301	7	rw-prepared-c20	ext	pgss	rw	prepared	20	ext	-	tagged:5	-	7
302	7	rw-prepared-c20	pgss	pgss	rw	prepared	20	pgss	-	pgss	-	7
303	7	ro-simple-c1	pgss	pgss	ro	simple	1	pgss	-	pgss	-	1
304	7	ro-simple-c1	ext	pgss	ro	simple	1	ext	-	tagged:1	-	1
305	7	ro-simple-c20	pgss	pgss	ro	simple	20	pgss	-	pgss	-	1
306	7	ro-simple-c20	ext	pgss	ro	simple	20	ext	-	tagged:1	-	1
307	7	rw-prepared-c1	pgss	pgss	rw	prepared	1	pgss	-	pgss	-	7
308	7	rw-prepared-c1	ext	pgss	rw	prepared	1	ext	-	tagged:5	-	7
309	7	nested-simple-c5	ext-all-scan	pgss-all	nested	simple	5	ext	pg_stat_statements.track = all;pg_stat_statement_context.track = all;pg_stat_statement_context.nested_tags = scan	tagged:1,nested:scan:16	-	17
310	7	nested-simple-c5	pgss-all	pgss-all	nested	simple	5	pgss	pg_stat_statements.track = all	pgss	-	17
311	7	nested-simple-c5	ext	pgss	nested	simple	5	ext	-	tagged:1	-	17
312	7	nested-simple-c5	ext-all-inherit	pgss-all	nested	simple	5	ext	pg_stat_statements.track = all;pg_stat_statement_context.track = all	tagged:1,nested:inherit:16	-	17
313	7	nested-simple-c5	pgss	pgss	nested	simple	5	pgss	-	pgss	-	17
314	7	ro-prepared-c1	pgss	pgss	ro	prepared	1	pgss	-	pgss	-	1
315	7	ro-prepared-c1	ext	pgss	ro	prepared	1	ext	-	tagged:1	-	1
316	7	inlist-simple-c5	inlist0-ext	inlist0-pgss	inlist0	simple	5	ext	-	tagged:1,heuristic	-	1
317	7	inlist-simple-c5	inlist-pgss	inlist-pgss	inlist	simple	5	pgss	-	pgss	-	1
318	7	inlist-simple-c5	inlist0-ext-any	inlist0-pgss	inlist0	simple	5	ext	pg_stat_statement_context.extractors = 'sqlcommenter(position=any), marginalia(position=any)'	tagged:1,exact	-	1
319	7	inlist-simple-c5	inlist0-pgss	inlist0-pgss	inlist0	simple	5	pgss	-	pgss	-	1
320	7	inlist-simple-c5	inlist-ext-any	inlist-pgss	inlist	simple	5	ext	pg_stat_statement_context.extractors = 'sqlcommenter(position=any), marginalia(position=any)'	tagged:1,exact	-	1
321	7	inlist-simple-c5	inlist-ext	inlist-pgss	inlist	simple	5	ext	-	tagged:1,heuristic	-	1
322	7	ro-prepared-c20	ext	pgss	ro	prepared	20	ext	-	tagged:1	-	1
323	7	ro-prepared-c20	pgss	pgss	ro	prepared	20	pgss	-	pgss	-	1
324	7	rw-simple-c20	pgss	pgss	rw	simple	20	pgss	-	pgss	-	7
325	7	rw-simple-c20	ext	pgss	rw	simple	20	ext	-	tagged:5	-	7
326	7	rw-simple-c1	ext	pgss	rw	simple	1	ext	-	tagged:5	-	7
327	7	rw-simple-c1	pgss	pgss	rw	simple	1	pgss	-	pgss	-	7
328	7	ro-simple-c5	ext-1s-buckets	pgss	ro	simple	5	ext	pg_stat_statement_context.bucket_interval = '1s';pg_stat_statement_context.bucket_count = 45	tagged:1,buckets	-	1
329	7	ro-simple-c5	pgss	pgss	ro	simple	5	pgss	-	pgss	-	1
330	7	ro-simple-c5	ext-regex-normalize	pgss	ro	simple	5	ext	pg_stat_statement_context.tags = 'action, controller, job, route, driver';pg_stat_statement_context.extractors = 'sqlcommenter, regex(pattern=''db_driver=.(\\w+)'', keys=driver, merge=on)';pg_stat_statement_context.normalize = 'route: ''/\\d+'' => ''/:id'''	regexnorm:1	-	1
331	7	ro-simple-c5	ext-store5k	pgss	ro	simple	5	ext	-	tagged:1,store:5000	store:5000	1
332	7	ro-simple-c5	ext-reader15s	pgss	ro	simple	5	ext	-	tagged:1,reader	reader:15	1
333	7	ro-simple-c5	plain-ext	plain-pgss	ro-plain	simple	5	ext	-	untagged	-	1
334	7	ro-simple-c5	plain-pgss	plain-pgss	ro-plain	simple	5	pgss	-	pgss	-	1
335	7	ro-simple-c5	ext-reader1s	pgss	ro	simple	5	ext	-	tagged:1,reader	reader:1	1
336	7	ro-simple-c5	ext	pgss	ro	simple	5	ext	-	tagged:1	-	1
337	7	rw-prepared-c5	pgss	pgss	rw	prepared	5	pgss	-	pgss	-	7
338	7	rw-prepared-c5	ext	pgss	rw	prepared	5	ext	-	tagged:5	-	7
339	7	evict-simple-c5	ext-max10000	pgss	evict	simple	5	ext	pg_stat_statement_context.max_entries = 10000	evict	-	1
340	7	evict-simple-c5	pgss	pgss	evict	simple	5	pgss	-	pgss	-	1
341	7	rw-simple-c5	ext	pgss	rw	simple	5	ext	-	tagged:5	-	7
342	7	rw-simple-c5	plain-pgss	plain-pgss	rw-plain	simple	5	pgss	-	pgss	-	7
343	7	rw-simple-c5	pgss	pgss	rw	simple	5	pgss	-	pgss	-	7
344	7	rw-simple-c5	plain-ext	plain-pgss	rw-plain	simple	5	ext	-	untagged	-	7
345	7	rw-simple-c5	ext-regex-normalize	pgss	rw	simple	5	ext	pg_stat_statement_context.tags = 'action, controller, job, route, driver';pg_stat_statement_context.extractors = 'sqlcommenter, regex(pattern=''db_driver=.(\\w+)'', keys=driver, merge=on)';pg_stat_statement_context.normalize = 'route: ''/\\d+'' => ''/:id'''	regexnorm:5	-	7
346	7	ro-prepared-c5	ext	pgss	ro	prepared	5	ext	-	tagged:1	-	1
347	7	ro-prepared-c5	plain-ext	plain-pgss	ro-plain	prepared	5	ext	-	untagged	-	1
348	7	ro-prepared-c5	pgss	pgss	ro	prepared	5	pgss	-	pgss	-	1
349	7	ro-prepared-c5	ext-regex-normalize	pgss	ro	prepared	5	ext	pg_stat_statement_context.tags = 'action, controller, job, route, driver';pg_stat_statement_context.extractors = 'sqlcommenter, regex(pattern=''db_driver=.(\\w+)'', keys=driver, merge=on)';pg_stat_statement_context.normalize = 'route: ''/\\d+'' => ''/:id'''	regexnorm:1	-	1
350	7	ro-prepared-c5	plain-pgss	plain-pgss	ro-plain	prepared	5	pgss	-	pgss	-	1
351	8	rw-prepared-c20	pgss	pgss	rw	prepared	20	pgss	-	pgss	-	7
352	8	rw-prepared-c20	ext	pgss	rw	prepared	20	ext	-	tagged:5	-	7
353	8	ro-simple-c20	pgss	pgss	ro	simple	20	pgss	-	pgss	-	1
354	8	ro-simple-c20	ext	pgss	ro	simple	20	ext	-	tagged:1	-	1
355	8	rw-simple-c1	pgss	pgss	rw	simple	1	pgss	-	pgss	-	7
356	8	rw-simple-c1	ext	pgss	rw	simple	1	ext	-	tagged:5	-	7
357	8	ro-simple-c5	pgss	pgss	ro	simple	5	pgss	-	pgss	-	1
358	8	ro-simple-c5	plain-pgss	plain-pgss	ro-plain	simple	5	pgss	-	pgss	-	1
359	8	ro-simple-c5	ext-1s-buckets	pgss	ro	simple	5	ext	pg_stat_statement_context.bucket_interval = '1s';pg_stat_statement_context.bucket_count = 45	tagged:1,buckets	-	1
360	8	ro-simple-c5	ext-reader15s	pgss	ro	simple	5	ext	-	tagged:1,reader	reader:15	1
361	8	ro-simple-c5	ext-store5k	pgss	ro	simple	5	ext	-	tagged:1,store:5000	store:5000	1
362	8	ro-simple-c5	ext-reader1s	pgss	ro	simple	5	ext	-	tagged:1,reader	reader:1	1
363	8	ro-simple-c5	ext-regex-normalize	pgss	ro	simple	5	ext	pg_stat_statement_context.tags = 'action, controller, job, route, driver';pg_stat_statement_context.extractors = 'sqlcommenter, regex(pattern=''db_driver=.(\\w+)'', keys=driver, merge=on)';pg_stat_statement_context.normalize = 'route: ''/\\d+'' => ''/:id'''	regexnorm:1	-	1
364	8	ro-simple-c5	plain-ext	plain-pgss	ro-plain	simple	5	ext	-	untagged	-	1
365	8	ro-simple-c5	ext	pgss	ro	simple	5	ext	-	tagged:1	-	1
366	8	rw-prepared-c5	pgss	pgss	rw	prepared	5	pgss	-	pgss	-	7
367	8	rw-prepared-c5	ext	pgss	rw	prepared	5	ext	-	tagged:5	-	7
368	8	rw-prepared-c1	ext	pgss	rw	prepared	1	ext	-	tagged:5	-	7
369	8	rw-prepared-c1	pgss	pgss	rw	prepared	1	pgss	-	pgss	-	7
370	8	ro-prepared-c20	ext	pgss	ro	prepared	20	ext	-	tagged:1	-	1
371	8	ro-prepared-c20	pgss	pgss	ro	prepared	20	pgss	-	pgss	-	1
372	8	evict-simple-c5	pgss	pgss	evict	simple	5	pgss	-	pgss	-	1
373	8	evict-simple-c5	ext-max10000	pgss	evict	simple	5	ext	pg_stat_statement_context.max_entries = 10000	evict	-	1
374	8	ro-prepared-c5	ext	pgss	ro	prepared	5	ext	-	tagged:1	-	1
375	8	ro-prepared-c5	pgss	pgss	ro	prepared	5	pgss	-	pgss	-	1
376	8	ro-prepared-c5	ext-regex-normalize	pgss	ro	prepared	5	ext	pg_stat_statement_context.tags = 'action, controller, job, route, driver';pg_stat_statement_context.extractors = 'sqlcommenter, regex(pattern=''db_driver=.(\\w+)'', keys=driver, merge=on)';pg_stat_statement_context.normalize = 'route: ''/\\d+'' => ''/:id'''	regexnorm:1	-	1
377	8	ro-prepared-c5	plain-pgss	plain-pgss	ro-plain	prepared	5	pgss	-	pgss	-	1
378	8	ro-prepared-c5	plain-ext	plain-pgss	ro-plain	prepared	5	ext	-	untagged	-	1
379	8	ro-prepared-c1	ext	pgss	ro	prepared	1	ext	-	tagged:1	-	1
380	8	ro-prepared-c1	pgss	pgss	ro	prepared	1	pgss	-	pgss	-	1
381	8	rw-simple-c20	pgss	pgss	rw	simple	20	pgss	-	pgss	-	7
382	8	rw-simple-c20	ext	pgss	rw	simple	20	ext	-	tagged:5	-	7
383	8	ro-simple-c1	ext	pgss	ro	simple	1	ext	-	tagged:1	-	1
384	8	ro-simple-c1	pgss	pgss	ro	simple	1	pgss	-	pgss	-	1
385	8	nested-simple-c5	ext-all-scan	pgss-all	nested	simple	5	ext	pg_stat_statements.track = all;pg_stat_statement_context.track = all;pg_stat_statement_context.nested_tags = scan	tagged:1,nested:scan:16	-	17
386	8	nested-simple-c5	pgss-all	pgss-all	nested	simple	5	pgss	pg_stat_statements.track = all	pgss	-	17
387	8	nested-simple-c5	ext-all-inherit	pgss-all	nested	simple	5	ext	pg_stat_statements.track = all;pg_stat_statement_context.track = all	tagged:1,nested:inherit:16	-	17
388	8	nested-simple-c5	pgss	pgss	nested	simple	5	pgss	-	pgss	-	17
389	8	nested-simple-c5	ext	pgss	nested	simple	5	ext	-	tagged:1	-	17
390	8	inlist-simple-c5	inlist-pgss	inlist-pgss	inlist	simple	5	pgss	-	pgss	-	1
391	8	inlist-simple-c5	inlist0-pgss	inlist0-pgss	inlist0	simple	5	pgss	-	pgss	-	1
392	8	inlist-simple-c5	inlist-ext	inlist-pgss	inlist	simple	5	ext	-	tagged:1,heuristic	-	1
393	8	inlist-simple-c5	inlist0-ext	inlist0-pgss	inlist0	simple	5	ext	-	tagged:1,heuristic	-	1
394	8	inlist-simple-c5	inlist-ext-any	inlist-pgss	inlist	simple	5	ext	pg_stat_statement_context.extractors = 'sqlcommenter(position=any), marginalia(position=any)'	tagged:1,exact	-	1
395	8	inlist-simple-c5	inlist0-ext-any	inlist0-pgss	inlist0	simple	5	ext	pg_stat_statement_context.extractors = 'sqlcommenter(position=any), marginalia(position=any)'	tagged:1,exact	-	1
396	8	rw-simple-c5	ext-regex-normalize	pgss	rw	simple	5	ext	pg_stat_statement_context.tags = 'action, controller, job, route, driver';pg_stat_statement_context.extractors = 'sqlcommenter, regex(pattern=''db_driver=.(\\w+)'', keys=driver, merge=on)';pg_stat_statement_context.normalize = 'route: ''/\\d+'' => ''/:id'''	regexnorm:5	-	7
397	8	rw-simple-c5	plain-ext	plain-pgss	rw-plain	simple	5	ext	-	untagged	-	7
398	8	rw-simple-c5	plain-pgss	plain-pgss	rw-plain	simple	5	pgss	-	pgss	-	7
399	8	rw-simple-c5	pgss	pgss	rw	simple	5	pgss	-	pgss	-	7
400	8	rw-simple-c5	ext	pgss	rw	simple	5	ext	-	tagged:5	-	7
401	9	rw-prepared-c5	pgss	pgss	rw	prepared	5	pgss	-	pgss	-	7
402	9	rw-prepared-c5	ext	pgss	rw	prepared	5	ext	-	tagged:5	-	7
403	9	inlist-simple-c5	inlist-pgss	inlist-pgss	inlist	simple	5	pgss	-	pgss	-	1
404	9	inlist-simple-c5	inlist0-ext	inlist0-pgss	inlist0	simple	5	ext	-	tagged:1,heuristic	-	1
405	9	inlist-simple-c5	inlist-ext	inlist-pgss	inlist	simple	5	ext	-	tagged:1,heuristic	-	1
406	9	inlist-simple-c5	inlist-ext-any	inlist-pgss	inlist	simple	5	ext	pg_stat_statement_context.extractors = 'sqlcommenter(position=any), marginalia(position=any)'	tagged:1,exact	-	1
407	9	inlist-simple-c5	inlist0-pgss	inlist0-pgss	inlist0	simple	5	pgss	-	pgss	-	1
408	9	inlist-simple-c5	inlist0-ext-any	inlist0-pgss	inlist0	simple	5	ext	pg_stat_statement_context.extractors = 'sqlcommenter(position=any), marginalia(position=any)'	tagged:1,exact	-	1
409	9	rw-simple-c20	pgss	pgss	rw	simple	20	pgss	-	pgss	-	7
410	9	rw-simple-c20	ext	pgss	rw	simple	20	ext	-	tagged:5	-	7
411	9	ro-simple-c1	ext	pgss	ro	simple	1	ext	-	tagged:1	-	1
412	9	ro-simple-c1	pgss	pgss	ro	simple	1	pgss	-	pgss	-	1
413	9	ro-prepared-c5	plain-ext	plain-pgss	ro-plain	prepared	5	ext	-	untagged	-	1
414	9	ro-prepared-c5	ext-regex-normalize	pgss	ro	prepared	5	ext	pg_stat_statement_context.tags = 'action, controller, job, route, driver';pg_stat_statement_context.extractors = 'sqlcommenter, regex(pattern=''db_driver=.(\\w+)'', keys=driver, merge=on)';pg_stat_statement_context.normalize = 'route: ''/\\d+'' => ''/:id'''	regexnorm:1	-	1
415	9	ro-prepared-c5	ext	pgss	ro	prepared	5	ext	-	tagged:1	-	1
416	9	ro-prepared-c5	plain-pgss	plain-pgss	ro-plain	prepared	5	pgss	-	pgss	-	1
417	9	ro-prepared-c5	pgss	pgss	ro	prepared	5	pgss	-	pgss	-	1
418	9	rw-prepared-c1	pgss	pgss	rw	prepared	1	pgss	-	pgss	-	7
419	9	rw-prepared-c1	ext	pgss	rw	prepared	1	ext	-	tagged:5	-	7
420	9	ro-simple-c5	ext	pgss	ro	simple	5	ext	-	tagged:1	-	1
421	9	ro-simple-c5	ext-store5k	pgss	ro	simple	5	ext	-	tagged:1,store:5000	store:5000	1
422	9	ro-simple-c5	ext-regex-normalize	pgss	ro	simple	5	ext	pg_stat_statement_context.tags = 'action, controller, job, route, driver';pg_stat_statement_context.extractors = 'sqlcommenter, regex(pattern=''db_driver=.(\\w+)'', keys=driver, merge=on)';pg_stat_statement_context.normalize = 'route: ''/\\d+'' => ''/:id'''	regexnorm:1	-	1
423	9	ro-simple-c5	ext-reader15s	pgss	ro	simple	5	ext	-	tagged:1,reader	reader:15	1
424	9	ro-simple-c5	ext-reader1s	pgss	ro	simple	5	ext	-	tagged:1,reader	reader:1	1
425	9	ro-simple-c5	ext-1s-buckets	pgss	ro	simple	5	ext	pg_stat_statement_context.bucket_interval = '1s';pg_stat_statement_context.bucket_count = 45	tagged:1,buckets	-	1
426	9	ro-simple-c5	pgss	pgss	ro	simple	5	pgss	-	pgss	-	1
427	9	ro-simple-c5	plain-pgss	plain-pgss	ro-plain	simple	5	pgss	-	pgss	-	1
428	9	ro-simple-c5	plain-ext	plain-pgss	ro-plain	simple	5	ext	-	untagged	-	1
429	9	rw-prepared-c20	pgss	pgss	rw	prepared	20	pgss	-	pgss	-	7
430	9	rw-prepared-c20	ext	pgss	rw	prepared	20	ext	-	tagged:5	-	7
431	9	ro-prepared-c1	pgss	pgss	ro	prepared	1	pgss	-	pgss	-	1
432	9	ro-prepared-c1	ext	pgss	ro	prepared	1	ext	-	tagged:1	-	1
433	9	ro-simple-c20	pgss	pgss	ro	simple	20	pgss	-	pgss	-	1
434	9	ro-simple-c20	ext	pgss	ro	simple	20	ext	-	tagged:1	-	1
435	9	nested-simple-c5	pgss-all	pgss-all	nested	simple	5	pgss	pg_stat_statements.track = all	pgss	-	17
436	9	nested-simple-c5	ext	pgss	nested	simple	5	ext	-	tagged:1	-	17
437	9	nested-simple-c5	pgss	pgss	nested	simple	5	pgss	-	pgss	-	17
438	9	nested-simple-c5	ext-all-inherit	pgss-all	nested	simple	5	ext	pg_stat_statements.track = all;pg_stat_statement_context.track = all	tagged:1,nested:inherit:16	-	17
439	9	nested-simple-c5	ext-all-scan	pgss-all	nested	simple	5	ext	pg_stat_statements.track = all;pg_stat_statement_context.track = all;pg_stat_statement_context.nested_tags = scan	tagged:1,nested:scan:16	-	17
440	9	ro-prepared-c20	ext	pgss	ro	prepared	20	ext	-	tagged:1	-	1
441	9	ro-prepared-c20	pgss	pgss	ro	prepared	20	pgss	-	pgss	-	1
442	9	rw-simple-c1	pgss	pgss	rw	simple	1	pgss	-	pgss	-	7
443	9	rw-simple-c1	ext	pgss	rw	simple	1	ext	-	tagged:5	-	7
444	9	rw-simple-c5	plain-ext	plain-pgss	rw-plain	simple	5	ext	-	untagged	-	7
445	9	rw-simple-c5	pgss	pgss	rw	simple	5	pgss	-	pgss	-	7
446	9	rw-simple-c5	plain-pgss	plain-pgss	rw-plain	simple	5	pgss	-	pgss	-	7
447	9	rw-simple-c5	ext-regex-normalize	pgss	rw	simple	5	ext	pg_stat_statement_context.tags = 'action, controller, job, route, driver';pg_stat_statement_context.extractors = 'sqlcommenter, regex(pattern=''db_driver=.(\\w+)'', keys=driver, merge=on)';pg_stat_statement_context.normalize = 'route: ''/\\d+'' => ''/:id'''	regexnorm:5	-	7
448	9	rw-simple-c5	ext	pgss	rw	simple	5	ext	-	tagged:5	-	7
449	9	evict-simple-c5	ext-max10000	pgss	evict	simple	5	ext	pg_stat_statement_context.max_entries = 10000	evict	-	1
450	9	evict-simple-c5	pgss	pgss	evict	simple	5	pgss	-	pgss	-	1
451	10	rw-prepared-c5	pgss	pgss	rw	prepared	5	pgss	-	pgss	-	7
452	10	rw-prepared-c5	ext	pgss	rw	prepared	5	ext	-	tagged:5	-	7
453	10	rw-prepared-c20	ext	pgss	rw	prepared	20	ext	-	tagged:5	-	7
454	10	rw-prepared-c20	pgss	pgss	rw	prepared	20	pgss	-	pgss	-	7
455	10	ro-prepared-c5	ext	pgss	ro	prepared	5	ext	-	tagged:1	-	1
456	10	ro-prepared-c5	pgss	pgss	ro	prepared	5	pgss	-	pgss	-	1
457	10	ro-prepared-c5	plain-pgss	plain-pgss	ro-plain	prepared	5	pgss	-	pgss	-	1
458	10	ro-prepared-c5	ext-regex-normalize	pgss	ro	prepared	5	ext	pg_stat_statement_context.tags = 'action, controller, job, route, driver';pg_stat_statement_context.extractors = 'sqlcommenter, regex(pattern=''db_driver=.(\\w+)'', keys=driver, merge=on)';pg_stat_statement_context.normalize = 'route: ''/\\d+'' => ''/:id'''	regexnorm:1	-	1
459	10	ro-prepared-c5	plain-ext	plain-pgss	ro-plain	prepared	5	ext	-	untagged	-	1
460	10	ro-prepared-c20	ext	pgss	ro	prepared	20	ext	-	tagged:1	-	1
461	10	ro-prepared-c20	pgss	pgss	ro	prepared	20	pgss	-	pgss	-	1
462	10	ro-prepared-c1	ext	pgss	ro	prepared	1	ext	-	tagged:1	-	1
463	10	ro-prepared-c1	pgss	pgss	ro	prepared	1	pgss	-	pgss	-	1
464	10	ro-simple-c1	pgss	pgss	ro	simple	1	pgss	-	pgss	-	1
465	10	ro-simple-c1	ext	pgss	ro	simple	1	ext	-	tagged:1	-	1
466	10	rw-simple-c20	ext	pgss	rw	simple	20	ext	-	tagged:5	-	7
467	10	rw-simple-c20	pgss	pgss	rw	simple	20	pgss	-	pgss	-	7
468	10	rw-simple-c5	plain-pgss	plain-pgss	rw-plain	simple	5	pgss	-	pgss	-	7
469	10	rw-simple-c5	pgss	pgss	rw	simple	5	pgss	-	pgss	-	7
470	10	rw-simple-c5	ext-regex-normalize	pgss	rw	simple	5	ext	pg_stat_statement_context.tags = 'action, controller, job, route, driver';pg_stat_statement_context.extractors = 'sqlcommenter, regex(pattern=''db_driver=.(\\w+)'', keys=driver, merge=on)';pg_stat_statement_context.normalize = 'route: ''/\\d+'' => ''/:id'''	regexnorm:5	-	7
471	10	rw-simple-c5	plain-ext	plain-pgss	rw-plain	simple	5	ext	-	untagged	-	7
472	10	rw-simple-c5	ext	pgss	rw	simple	5	ext	-	tagged:5	-	7
473	10	inlist-simple-c5	inlist-ext	inlist-pgss	inlist	simple	5	ext	-	tagged:1,heuristic	-	1
474	10	inlist-simple-c5	inlist0-pgss	inlist0-pgss	inlist0	simple	5	pgss	-	pgss	-	1
475	10	inlist-simple-c5	inlist0-ext-any	inlist0-pgss	inlist0	simple	5	ext	pg_stat_statement_context.extractors = 'sqlcommenter(position=any), marginalia(position=any)'	tagged:1,exact	-	1
476	10	inlist-simple-c5	inlist0-ext	inlist0-pgss	inlist0	simple	5	ext	-	tagged:1,heuristic	-	1
477	10	inlist-simple-c5	inlist-pgss	inlist-pgss	inlist	simple	5	pgss	-	pgss	-	1
478	10	inlist-simple-c5	inlist-ext-any	inlist-pgss	inlist	simple	5	ext	pg_stat_statement_context.extractors = 'sqlcommenter(position=any), marginalia(position=any)'	tagged:1,exact	-	1
479	10	rw-simple-c1	pgss	pgss	rw	simple	1	pgss	-	pgss	-	7
480	10	rw-simple-c1	ext	pgss	rw	simple	1	ext	-	tagged:5	-	7
481	10	nested-simple-c5	pgss-all	pgss-all	nested	simple	5	pgss	pg_stat_statements.track = all	pgss	-	17
482	10	nested-simple-c5	pgss	pgss	nested	simple	5	pgss	-	pgss	-	17
483	10	nested-simple-c5	ext-all-scan	pgss-all	nested	simple	5	ext	pg_stat_statements.track = all;pg_stat_statement_context.track = all;pg_stat_statement_context.nested_tags = scan	tagged:1,nested:scan:16	-	17
484	10	nested-simple-c5	ext	pgss	nested	simple	5	ext	-	tagged:1	-	17
485	10	nested-simple-c5	ext-all-inherit	pgss-all	nested	simple	5	ext	pg_stat_statements.track = all;pg_stat_statement_context.track = all	tagged:1,nested:inherit:16	-	17
486	10	ro-simple-c20	pgss	pgss	ro	simple	20	pgss	-	pgss	-	1
487	10	ro-simple-c20	ext	pgss	ro	simple	20	ext	-	tagged:1	-	1
488	10	rw-prepared-c1	pgss	pgss	rw	prepared	1	pgss	-	pgss	-	7
489	10	rw-prepared-c1	ext	pgss	rw	prepared	1	ext	-	tagged:5	-	7
490	10	ro-simple-c5	ext-reader1s	pgss	ro	simple	5	ext	-	tagged:1,reader	reader:1	1
491	10	ro-simple-c5	ext-store5k	pgss	ro	simple	5	ext	-	tagged:1,store:5000	store:5000	1
492	10	ro-simple-c5	ext-regex-normalize	pgss	ro	simple	5	ext	pg_stat_statement_context.tags = 'action, controller, job, route, driver';pg_stat_statement_context.extractors = 'sqlcommenter, regex(pattern=''db_driver=.(\\w+)'', keys=driver, merge=on)';pg_stat_statement_context.normalize = 'route: ''/\\d+'' => ''/:id'''	regexnorm:1	-	1
493	10	ro-simple-c5	ext-reader15s	pgss	ro	simple	5	ext	-	tagged:1,reader	reader:15	1
494	10	ro-simple-c5	ext	pgss	ro	simple	5	ext	-	tagged:1	-	1
495	10	ro-simple-c5	ext-1s-buckets	pgss	ro	simple	5	ext	pg_stat_statement_context.bucket_interval = '1s';pg_stat_statement_context.bucket_count = 45	tagged:1,buckets	-	1
496	10	ro-simple-c5	pgss	pgss	ro	simple	5	pgss	-	pgss	-	1
497	10	ro-simple-c5	plain-ext	plain-pgss	ro-plain	simple	5	ext	-	untagged	-	1
498	10	ro-simple-c5	plain-pgss	plain-pgss	ro-plain	simple	5	pgss	-	pgss	-	1
499	10	evict-simple-c5	pgss	pgss	evict	simple	5	pgss	-	pgss	-	1
500	10	evict-simple-c5	ext-max10000	pgss	evict	simple	5	ext	pg_stat_statement_context.max_entries = 10000	evict	-	1
